code,name,sector
000250,삼천당제약,의약품
000440,중앙에너비스,유통업
001000,신라섬유,서비스업
001540,안국약품,의약품
001810,무림SP,종이목재
001840,이화공영,건설업
002230,피에스텍,의약품
002290,삼일기업공사,건설업
002680,한탑,음식료품
002800,신신제약,의약품
003100,선광,운수창고
003310,대주산업,음식료품
003380,하림지주,기타금융
003800,에이스침대,기타제조
004590,한국가구,유통업
004650,창해에탄올,음식료품
004780,대륙제관,철강금속
005160,동국산업,철강금속
005290,동진쎄미켐,화학
005670,푸드웰,음식료품
005710,대원산업,운수장비
005860,한일사료,음식료품
005990,매일홀딩스,음식료품
006050,국영지앤엠,비금속광물
006140,피제이전자,의약품
006620,동구바이오제약,의약품
006730,서부T&D,서비스업
006910,보성파워텍,철강금속
006920,모헨즈,비금속광물
007330,푸른저축은행,은행
007370,진양제약,의약품
007390,네이처셀,의약품
007530,와이엠,철강금속
007680,대원,건설업
007720,소노스퀘어,유통업
007770,한일화학,화학
007820,에스엠코어,기계
008290,원풍물산,섬유의복
008370,원풍,화학
008470,부스타,철강금속
008830,대동기어,기계
009300,삼아제약,의약품
009520,포스코엠텍,철강금속
009620,삼보산업,철강금속
009730,이렘,철강금속
009780,엠에스씨,음식료품
010170,대한광통신,전기전자
010240,흥국,기계
010280,아이티센엔텍,서비스업
010470,오리콤,서비스업
011040,경동제약,의약품
011080,형지I&C,섬유의복
011320,유니크,운수장비
011370,서한,건설업
011560,세보엠이씨,건설업
012210,삼미금속,철강금속
012340,뉴인텍,운수장비
012620,원일특강,철강금속
012700,리드코프,유통업
012790,신일제약,의약품
012860,모베이스전자,운수장비
013030,하이록코리아,철강금속
013120,동원개발,건설업
013310,아진산업,운수장비
013720,THE CUBE&,운수장비
013810,스페코,기계
013990,아가방컴퍼니,유통업
014100,메디앙스,유통업
014190,원익큐브,유통업
014470,부방,서비스업
014570,고려제약,의약품
014620,성광벤드,철강금속
014940,오리엔탈정공,기계
014950,삼익제약,의약품
014970,삼륭물산,종이목재
015710,코콤,전기전자
015750,성우하이텍,운수장비
016100,리더스코스메틱,종이목재
016250,SGC E&C,건설업
016600,큐캐피탈,기타금융
016670,디모아,유통업
016790,현대사료,음식료품
016920,카스,유통업
017000,신원종합개발,건설업
017250,인터엠,전기전자
017480,삼현철강,철강금속
017510,세명전기,철강금속
017650,대림제지,종이목재
017890,한국알콜,화학
018000,유니슨,기계
018120,진로발효,음식료품
018290,브이티,화학
018310,삼목에스폼,철강금속
018620,우진비앤지,의약품
018680,서울제약,의약품
018700,바른손,유통업
019010,베뉴지,유통업
019210,와이지-원,철강금속
019540,일지테크,운수장비
019550,SBI인베스트먼트,기타금융
019570,플루토스,기타금융
019660,글로본,유통업
019770,서연탑메탈,기계
019990,에너토크,기계
020180,대신정보통신,서비스업
020400,대동금속,철강금속
020710,시공테크,서비스업
021040,대호특수강,철강금속
021080,에이티넘인베스트,기타금융
021320,KCC건설,건설업
021650,한국큐빅,화학
021880,메이슨캐피탈,기타금융
022220,티케이지애강,화학
023160,태광,철강금속
023410,유진기업,비금속광물
023440,제이스코홀딩스,철강금속
023600,삼보판지,종이목재
023760,한국캐피탈,기타금융
023770,플레이위드,서비스업
023790,동일스틸럭스,철강금속
023900,풍국주정,음식료품
023910,대한약품,의약품
024060,흥구석유,유통업
024120,KB오토시스,운수장비
024740,한일단조,운수장비
024800,유성티엔에스,운수창고
024830,세원물산,운수장비
024840,KBI메탈,철강금속
024850,HLB이노베이션,전기전자
024880,케이피에프,철강금속
024910,경창산업,운수장비
024940,PN풍년,유통업
024950,삼천리자전거,유통업
025320,시노펙스,전기전자
025440,DH오토웨어,전기전자
025550,한국선재,철강금속
025770,한국정보통신,통신업
025870,신라에스지,유통업
025880,케이씨피드,음식료품
025900,동화기업,종이목재
025950,동신건설,건설업
025980,아난티,서비스업
026040,제이에스티나,기타제조
026150,특수건설,건설업
026910,광진실업,철강금속
027040,서울전자통신,전기전자
027050,코리아나,화학
027360,아주IB투자,기타금융
027580,상보,화학
027710,팜스토리,음식료품
027830,대성창투,기타금융
028080,휴맥스홀딩스,서비스업
028300,HLB,의약품
029480,광무,전기전자
030350,드래곤플라이,서비스업
030520,한글과컴퓨터,서비스업
030530,원익홀딩스,화학
030960,양지사,서비스업
031310,아이즈비전,통신업
031330,에스에이엠티,유통업
031510,오스템,운수장비
031860,디에이치엑스컴퍼니,유통업
031980,피에스케이홀딩스,기계
032080,아즈텍WB,섬유의복
032190,다우데이타,유통업
032280,삼일,운수창고
032300,한국파마,의약품
032500,케이엠더블유,전기전자
032540,TJ미디어,전기전자
032580,피델릭스,전기전자
032620,유비케어,서비스업
032680,소프트센,서비스업
032750,삼진,전기전자
032790,엠젠솔루션,유통업
032800,판타지오,서비스업
032820,우리기술,전기전자
032850,비트컴퓨터,서비스업
032860,더라미,서비스업
032940,원익,유통업
032960,동일기연,전기전자
032980,바이온,유통업
033050,제이엠아이,화학
033100,제룡전기,전기전자
033130,디지틀조선,서비스업
033160,엠케이전자,전기전자
033170,시그네틱스,전기전자
033200,모아텍,전기전자
033230,인성정보,서비스업
033290,로젠,유통업
033310,엠투엔,전기전자
033320,제이씨현시스템,유통업
033340,좋은사람들,섬유의복
033500,동성화인텍,화학
033540,파라텍,기계
033560,블루콤,전기전자
033640,네패스,전기전자
033790,피노,전기전자
033830,티비씨,서비스업
034810,해성산업,기타금융
034940,조아제약,의약품
034950,한국기업평가,서비스업
035080,그래디언트,유통업
035200,프럼파스트,화학
035290,골드앤에스,서비스업
035460,기산텔레콤,전기전자
035600,KG이니시스,서비스업
035610,솔본,서비스업
035620,바른손이앤에이,서비스업
035760,CJ ENM,서비스업
035810,이지홀딩스,음식료품
035890,서희건설,건설업
035900,JYP Ent.,서비스업
036000,예림당,서비스업
036010,아비코전자,전기전자
036030,케이티알파,유통업
036090,위지트,기계
036120,서울평가정보,서비스업
036170,에이치엠넥스,전기전자
036180,지더블유바이텍,유통업
036190,금화피에스시,건설업
036200,유니셈,기계
036220,오상헬스케어,의약품
036480,대성미생물,의약품
036540,SFA반도체,전기전자
036560,KZ정밀,기계
036620,감성코퍼레이션,유통업
036630,세종텔레콤,건설업
036640,HRS,화학
036670,삼양케이씨아이,화학
036690,코맥스,전기전자
036710,심텍홀딩스,서비스업
036800,나이스정보통신,통신업
036810,에프에스티,전기전자
036830,솔브레인홀딩스,서비스업
036890,진성티이씨,기계
036930,주성엔지니어링,기계
037030,파워넷,전기전자
037070,파세코,전기전자
037230,한국팩키지,종이목재
037330,인지디스플레,전기전자
037350,성도이엔지,서비스업
037370,EG,화학
037400,우리엔터프라이즈,유통업
037440,희림,서비스업
037460,삼지전자,전기전자
037760,쎄니트,철강금속
037950,엘컴텍,전기전자
038010,제일테크노스,철강금속
038060,루멘스,전기전자
038070,서린바이오,유통업
038110,에코플라스틱,운수장비
038290,마크로젠,서비스업
038390,레드캡투어,서비스업
038460,바이오스마트,전기전자
038500,삼표시멘트,비금속광물
038530,케이바이오,유통업
038540,상상인,서비스업
038620,위즈코프,유통업
038680,에스넷,서비스업
038870,에코바이오,서비스업
038880,아이에이,전기전자
038950,파인디지털,전기전자
039010,현대에이치티,전기전자
039020,이건홀딩스,종이목재
039030,이오테크닉스,기계
039200,오스코텍,의약품
039240,경남스틸,철강금속
039290,인포뱅크,서비스업
039310,세중,서비스업
039340,한국경제TV,서비스업
039420,케이엘넷,통신업
039440,에스티아이,기계
039560,다산네트웍스,전기전자
039610,화성밸브,기계
039740,한국정보공학,유통업
039830,오로라,서비스업
039840,디오,의약품
039860,나노엔텍,의약품
039980,폴라리스AI,서비스업
040160,누리플렉스,서비스업
040300,YTN,서비스업
040350,크레오에스지,서비스업
040420,정상제이엘에스,서비스업
040610,SG&G,운수장비
040910,아이씨디,기계
041020,폴라리스오피스,서비스업
041190,우리기술투자,기타금융
041440,현대에버다임,기계
041460,한국전자인증,서비스업
041510,에스엠,서비스업
041520,이엘씨,의약품
041590,플래스크,건설업
041830,인바디,의약품
041910,폴라리스AI파마,의약품
041920,메디아나,의약품
041930,동아화성,기타제조
041960,코미팜,의약품
042000,카페24,서비스업
042040,케이피엠테크,유통업
042110,에스씨디,전기전자
042370,비츠로테크,기타금융
042420,네오위즈홀딩스,서비스업
042500,링네트,서비스업
042510,라온시큐어,서비스업
042520,한스바이오메드,의약품
042600,새로닉스,전기전자
042940,상지건설,건설업
043090,더테크놀로지,유통업
043100,알파AI,의약품
043150,바텍,의약품
043200,파루,전기전자
043220,티에스넥스젠,기계
043260,성호전자,전기전자
043340,에쎈테크,기계
043360,디지아이,전기전자
043370,피에이치에이,운수장비
043590,웰킵스하이텍,전기전자
043610,KT지니뮤직,서비스업
043650,국순당,음식료품
043710,서울리거,유통업
043910,자연과환경,비금속광물
044180,KD,건설업
044340,위닉스,전기전자
044480,빌리언스,기타제조
044490,태웅,철강금속
044780,에이치케이,기계
044960,이글벳,유통업
044990,에이치엔에스하이텍,전기전자
045060,오공,화학
045100,한양이엔지,서비스업
045300,성우테크론,전기전자
045340,토탈소프트,서비스업
045390,대아티아이,전기전자
045510,정원엔시스,유통업
045520,크린앤사이언스,기계
045660,에이텍,전기전자
045970,코아시아,전기전자
046070,코다코,운수장비
046120,오르비텍,서비스업
046210,HLB파나진,의약품
046310,백금T&A,전기전자
046390,삼화네트웍스,서비스업
046440,KG모빌리언스,서비스업
046890,서울반도체,전기전자
046940,우원개발,건설업
046970,우리로,유통업
047080,한빛소프트,서비스업
047310,파워로직스,전기전자
047560,이스트소프트,서비스업
047770,코데즈컴바인,섬유의복
047820,초록뱀미디어,서비스업
047920,HLB제약,서비스업
048410,현대바이오,화학
048430,유라테크,전기전자
048470,대동스틸,유통업
048530,인트론바이오,의약품
048550,SM C&C,서비스업
048770,TPC,기계
048830,엔피케이,화학
048870,시너지이노베이션,의약품
048910,대원미디어,유통업
049070,인탑스,전기전자
049080,기가레인,전기전자
049120,파인디앤씨,전기전자
049180,셀루메드,의약품
049430,코메론,의약품
049470,비트플래닛,서비스업
049480,오픈베이스,서비스업
049520,유아이엘,전기전자
049550,잉크테크,화학
049630,재영솔루텍,의약품
049720,고려신용정보,서비스업
049830,승일,철강금속
049950,미래컴퍼니,기계
049960,쎌바이오텍,의약품
050090,비케이홀딩스,서비스업
050110,캠시스,전기전자
050120,ES큐브,유통업
050760,에스폴리텍,화학
050860,아세아텍,기계
050890,쏠리드,전기전자
050960,수산아이앤티,서비스업
051160,지어소프트,서비스업
051360,토비스,전기전자
051370,인터플렉스,전기전자
051380,피씨디렉트,유통업
051390,YW,유통업
051490,나라엠앤디,기계
051500,CJ프레시웨이,유통업
051780,큐로홀딩스,유통업
051980,중앙첨단소재,전기전자
052020,에스티큐브,유통업
052220,iMBC,서비스업
052260,현대바이오랜드,화학
052300,오션인더블유,유통업
052330,코텍,전기전자
052400,코나아이,서비스업
052420,오성첨단소재,화학
052460,아이크래프트,서비스업
052600,한네트,통신업
052710,아모텍,전기전자
052770,아이톡시,서비스업
052790,액토즈소프트,서비스업
052860,아이앤씨,전기전자
052900,KX하이텍,화학
053030,바이넥스,의약품
053050,지에스이,전기가스업
053060,세동,운수장비
053080,케이엔솔,기계
053160,프리엠스,전기전자
053260,금강철강,철강금속
053270,구영테크,운수장비
053280,예스24,유통업
053290,NE능률,서비스업
053300,한국정보인증,서비스업
053350,이니텍,서비스업
053450,세코닉스,의약품
053580,웹케시,서비스업
053610,프로텍,기계
053620,태양,철강금속
053700,삼보모터스,운수장비
053800,안랩,서비스업
053950,경남제약,의약품
053980,오상자이엘,서비스업
054040,한국컴퓨터,전기전자
054050,농우바이오,농업
054090,삼진엘앤디,기타제조
054180,메디콕스,운수장비
054210,이랜텍,전기전자
054220,비츠로시스,전기전자
054300,팬스타엔터프라이즈,기계
054410,케이피티유,철강금속
054450,텔레칩스,전기전자
054540,삼영엠텍,철강금속
054620,APS,기타금융
054670,대한뉴팜,의약품
054780,키이스트,서비스업
054800,아이디스홀딩스,서비스업
054920,한컴위드,서비스업
054930,유신,서비스업
054940,엑사이엔씨,건설업
054950,제이브이엠,기계
056080,유진로봇,기계
056090,시지메드텍,의약품
056190,에스에프에이,기계
056360,코위버,전기전자
056700,신화인터텍,화학
056730,CNT85,건설업
057030,YBM넷,서비스업
057540,옴니시스템,의약품
057680,티사이언티픽,서비스업
058110,멕아이씨에스,의약품
058400,KNN,서비스업
058450,한주에이알티,서비스업
058470,리노공업,전기전자
058610,에스피지,전기전자
058630,엠게임,서비스업
058820,CMG제약,의약품
058970,엠로,서비스업
059090,미코,전기전자
059100,아이컴포넌트,전기전자
059120,아진엑스텍,전기전자
059210,메타바이오메드,의약품
059270,해성에어로보틱스,철강금속
060150,인선이엔티,서비스업
060230,제이케이시냅스,화학
060240,스타코링크,운수장비
060250,NHN KCP,증권
060260,뉴보텍,화학
060280,큐렉소,유통업
060310,3S,의약품
060370,LS마린솔루션,건설업
060380,동양에스텍,철강금속
060480,국일신동,철강금속
060540,에스에이티,의약품
060560,HC홈센타,유통업
060570,드림어스컴퍼니,서비스업
060590,씨티씨바이오,의약품
060720,KH바텍,전기전자
060850,영림원소프트랩,서비스업
060900,에이전트AI,전기가스업
061040,알에프텍,전기전자
061090,세나테크놀로지,전기전자
061250,화일약품,의약품
061970,LB세미콘,전기전자
062970,한국첨단소재,전기전자
063080,컴투스홀딩스,서비스업
063170,서울옥션,유통업
063440,SM Life Design,서비스업
063570,NICE인프라,서비스업
063760,이엘피,의약품
064090,인크레더블버즈,유통업
064240,홈캐스트,유통업
064260,다날,서비스업
064290,인텍플러스,기계
064480,브리지텍,서비스업
064520,테크엘,전기전자
064550,바이오니아,의약품
064760,티씨케이,비금속광물
064800,포니링크,유통업
064820,케이프,운수장비
064850,에프앤가이드,서비스업
065060,지엔코,섬유의복
065130,탑엔지니어링,기계
065150,대산F&B,유통업
065170,비엘팜텍,유통업
065350,신성델타테크,전기전자
065370,위세아이텍,서비스업
065420,에스아이리소스,화학
065440,이루온,서비스업
065450,빅텍,의약품
065500,오리엔트정공,운수장비
065510,휴비츠,의약품
065530,와이어블,통신업
065570,삼영이엔씨,전기전자
065650,하이퍼코퍼레이션,유통업
065660,안트로젠,유통업
065680,우주일렉트로,전기전자
065690,파커스,기타제조
065710,서호전기,전기전자
065770,CS,전기전자
065950,웰크론,섬유의복
066130,하츠,전기전자
066310,큐에스아이,전기전자
066360,체리부로,음식료품
066410,버킷스튜디오,통신업
066430,아이로보틱스,유통업
066590,우수AMS,운수장비
066620,국보디자인,건설업
066670,디티씨,전기전자
066700,테라젠이텍스,의약품
066790,씨씨에스,서비스업
066900,디에이피,전기전자
066910,손오공,유통업
066980,한성크린텍,서비스업
067000,조이시티,서비스업
067010,이씨에스,서비스업
067080,대화제약,의약품
067160,SOOP,서비스업
067170,오텍,운수장비
067280,멀티캠퍼스,서비스업
067290,JW신약,의약품
067310,하나마이크론,전기전자
067370,선바이오,의약품
067390,아스트,운수장비
067570,엔브이에이치코리아,운수장비
067630,HLB생명과학,의약품
067730,로지시스,서비스업
067770,세진티에스,전기전자
067900,와이엔텍,서비스업
067920,이글루,서비스업
067990,도이치모터스,유통업
068050,팬엔터테인먼트,서비스업
068100,케이웨더,기계
068240,다원시스,전기전자
068330,일신바이오,기계
068760,셀트리온제약,의약품
068790,DMS,기계
068930,디지털대성,서비스업
068940,셀피글로벌,전기전자
069080,웹젠,서비스업
069140,누리플랜,철강금속
069330,유아이디,전기전자
069410,엔텔스,서비스업
069510,에스텍,전기전자
069540,빛과전자,전기전자
069920,엑시온그룹,유통업
070300,엑스큐어,서비스업
070590,한솔인티큐브,서비스업
071200,인피니트헬스케어,서비스업
071280,로체시스템즈,기계
071670,에이테크솔루션,기계
071850,캐스텍코리아,운수장비
072020,중앙백신,의약품
072470,우리산업홀딩스,운수장비
072770,멤레이비티,서비스업
072870,메가스터디,서비스업
072950,빛샘전자,전기전자
072990,에이치시티,서비스업
073010,케이에스피,기계
073110,엘엠에스,전기전자
073190,듀오백,기타제조
073490,이노와이어리스,전기전자
073540,에프알텍,전기전자
073560,우리손에프앤지,음식료품
073570,리튬포어스,기타제조
073640,테라사이언스,철강금속
074430,아미노로직스,의약품
074600,원익QnC,비금속광물
075130,플랜티넷,서비스업
075970,동국알앤에스,비금속광물
076080,웰크론한텍,건설업
076610,해성옵틱스,의약품
077360,덕산하이메탈,전기전자
078020,LS증권,증권
078070,유비쿼스홀딩스,기타금융
078130,국일제지,종이목재
078140,대봉엘에스,의약품
078150,HB테크놀러지,기계
078160,메디포스트,의약품
078340,컴투스,서비스업
078350,한양디지텍,전기전자
078590,휴림에이텍,운수장비
078600,대주전자재료,전기전자
078860,스테이지원엔터,서비스업
078890,가온그룹,전기전자
079000,와토스코리아,화학
079170,한창산업,철강금속
079190,케스피온,전기전자
079370,제우스,기계
079650,서산,비금속광물
079810,디이엔티,전기전자
079940,가비아,서비스업
079950,인베니아,기계
079960,동양이엔피,전기전자
079970,투비소프트,서비스업
080010,이상네트웍스,유통업
080160,모두투어,서비스업
080220,제주반도체,전기전자
080420,모다이노칩,유통업
080470,성창오토텍,운수장비
080520,오디텍,전기전자
080530,코디,화학
080580,오킨스전자,전기전자
080720,한국유니온제약,의약품
081150,티플랙스,철강금속
081180,쎄크,기계
081580,성우전자,전기전자
082210,옵트론텍,의약품
082270,젬백스,기계
082660,코스나인,화학
082800,비보존 제약,의약품
082850,우리바이오,음식료품
082920,비츠로셀,전기전자
083310,엘오티베큠,기계
083450,GST,기계
083470,이엠앤아이,화학
083500,에프엔에스테크,기계
083550,케이엠,섬유의복
083640,인콘,유통업
083650,비에이치아이,기계
083660,CSA 코스믹,화학
083790,CG인바이츠,서비스업
083930,아바코,기계
084110,휴온스글로벌,의약품
084180,수성웹툰,기계
084370,유진테크,기계
084440,유비온,서비스업
084650,랩지노믹스,서비스업
084730,팅크웨어,전기전자
084850,아이티엠반도체,전기전자
084990,헬릭스미스,서비스업
085660,차바이오텍,의약품
085670,뉴프렉스,전기전자
085810,알티캐스트,서비스업
085910,네오티스,운수장비
086040,바이오톡스텍,서비스업
086060,진바이오텍,유통업
086390,유니테스트,기계
086450,동국제약,의약품
086520,에코프로,기타금융
086670,비엠티,기계
086710,선진뷰티사이언스,화학
086820,바이오솔루션,의약품
086890,이수앱지스,의약품
086900,메디톡스,의약품
086960,MDS테크,서비스업
086980,쇼박스,서비스업
087010,펩트론,의약품
087260,모바일어플라이언스,서비스업
087600,픽셀플러스,전기전자
088130,동아엘텍,기계
088280,쏘닉스,전기전자
088290,이원컴포텍,운수장비
088340,유라클,서비스업
088390,이녹스,운수장비
088800,에이스테크,전기전자
088910,동우팜투테이블,음식료품
089010,켐트로닉스,화학
089030,테크윙,기계
089140,넥스턴앤롤코리아,기계
089150,케이씨티,서비스업
089230,THE E&M,서비스업
089600,KT나스미디어,서비스업
089790,제이티,기계
089850,유비벨록스,서비스업
089890,코세스,기계
089970,브이엠,기계
089980,상아프론테크,화학
090150,아이윈,운수장비
090360,로보스타,기계
090410,덕신이피씨,철강금속
090470,제이스텍,기계
090710,휴림로봇,기계
090850,현대이지웰,서비스업
091120,이엠텍,전기전자
091340,S&K폴리텍,전기전자
091440,한울소재과학,전기전자
091580,상신이디피,전기전자
091590,남화토건,건설업
091700,파트론,전기전자
091970,나노캠텍,화학
092040,아미코젠,음식료품
092070,디엔에프,화학
092130,이크레더블,서비스업
092190,서울바이오시스,전기전자
092300,현우산업,전기전자
092460,한라IMS,운수장비
092600,앤씨앤,전기전자
092730,네오팜,화학
092870,엑시콘,기계
093190,빅솔론,전기전자
093320,케이아이엔엑스,서비스업
093380,풍강,철강금속
093520,매커스,유통업
093640,케이알엠,전기전자
093920,서원인텍,전기전자
094170,동운아나텍,전기전자
094360,칩스앤미디어,전기전자
094480,갤럭시아머니트리,서비스업
094820,일진파워,건설업
094840,슈프리마에이치큐,전기전자
094850,참좋은여행,서비스업
094860,네오리진,서비스업
094940,푸른기술,전기전자
094970,제이엠티,전기전자
095190,이엠코리아,철강금속
095270,웨이브일렉트로,의약품
095340,ISC,유통업
095500,미래나노텍,화학
095610,테스,기계
095660,네오위즈,서비스업
095700,제넥신,서비스업
095910,에스에너지,전기전자
096240,크레버스,서비스업
096250,와이즈넛,서비스업
096350,대창솔루션,철강금속
096530,씨젠,의약품
096610,알에프세미,전기전자
096630,에스코넥,전기전자
096690,에이루트,전기전자
096870,엘디티,전기전자
097780,에코볼트,운수장비
097800,윈팩,전기전자
097870,효성오앤비,화학
098070,한텍,기계
098120,마이크로컨텍솔,전기전자
098460,고영,기계
098660,에스티오,섬유의복
099190,아이센스,의약품
099220,SDN,유통업
099320,쎄트렉아이,운수장비
099390,브레인즈컴퍼니,서비스업
099410,동방선기,운수장비
099430,바이오플러스,의약품
099440,스맥,기계
099520,DGI,전기전자
099750,이지케어텍,서비스업
100030,인지소프트,서비스업
100120,뷰웍스,의약품
100130,동국S&C,철강금속
100590,머큐리,전기전자
100660,서암기계공업,기계
100700,세운메디칼,의약품
100790,미래에셋벤처투자,기타금융
101000,KS인더스트리,기계
101160,월덱스,전기전자
101170,우림피티에스,기계
101240,씨큐브,화학
101330,모베이스,전기전자
101360,에코앤드림,화학
101390,아이엠,전기전자
101400,엔시트론,전기전자
101490,에스앤에스텍,전기전자
101670,하이드로리튬,철강금속
101680,한국정밀기계,기계
101730,위메이드맥스,서비스업
101930,인화정공,운수장비
101970,우양에이치씨,철강금속
102120,어보브반도체,전기전자
102370,케이옥션,유통업
102710,이엔에프테크놀로지,화학
102940,코오롱생명과학,의약품
103230,에스앤더블류,기계
103840,우양,음식료품
104040,대성파인텍,운수장비
104200,NHN벅스,서비스업
104460,디와이피엔에프,기계
104480,티케이케미칼,화학
104540,코렌텍,의약품
104620,노랑풍선,서비스업
104830,원익머트리얼즈,화학
105330,케이엔더블유,운수장비
105550,엣지파운드리,전기전자
105740,디케이락,기계
105760,포스뱅크,기계
106080,케이이엠텍,전기전자
106190,하이텍팜,의약품
106240,파인테크닉스,전기전자
106520,노블엠앤비,의약품
107600,새빗켐,화학
107640,한중엔시에스,전기전자
108230,톱텍,기계
108380,대양전기공업,운수장비
108490,로보티즈,기계
108860,셀바스AI,서비스업
109080,옵티시스,전기전자
109610,에스와이,철강금속
109670,씨싸이트,섬유의복
109740,디에스케이,기계
109820,진매트릭스,서비스업
109860,동일금속,철강금속
109960,앱토크롬,유통업
110020,전진바이오팜,화학
110790,크리스에프앤씨,섬유의복
110990,디아이티,기계
111710,남화산업,서비스업
112040,위메이드,서비스업
112290,와이씨켐,화학
113810,디젠스,운수장비
114190,강원에너지,전기전자
114450,그린생명과학,의약품
114630,폴라리스우노,화학
114810,한솔아이원스,기계
114840,아이패밀리에스씨,화학
115160,휴맥스,전기전자
115180,큐리언트,서비스업
115310,인포바인,통신업
115440,우리넷,전기전자
115450,HLB테라퓨틱스,유통업
115480,씨유메디칼,의약품
115500,케이씨에스,서비스업
115530,씨엔플러스,전기전자
115570,스타플렉스,화학
115610,이미지스,전기전자
117670,알파칩스,전기전자
117730,티로보틱스,기계
118990,모트렉스,운수장비
119500,포메탈,철강금속
119610,인터로조,의약품
119830,아이텍,서비스업
119850,지엔씨에너지,전기전자
120240,대정화금,화학
121440,골프존홀딩스,유통업
121600,나노신소재,화학
121800,비덴트,전기전자
121850,코이즈,화학
121890,에스디시스템,전기전자
122310,제노레이,의약품
122350,삼기,운수장비
122450,KX,서비스업
122640,예스티,기계
122690,서진오토모티브,운수장비
122870,와이지엔터테인먼트,서비스업
122990,와이솔,전기전자
123010,알엔티엑스,전기전자
123040,엠에스오토텍,운수장비
123330,제닉,화학
123410,코리아에프티,운수장비
123420,위메이드플레이,서비스업
123570,이엠넷,서비스업
123750,알톤,운수장비
123840,뉴온,음식료품
123860,아나패스,전기전자
124500,아이티센글로벌,서비스업
124560,태웅로직스,운수창고
125020,티씨머티리얼즈,전기전자
125210,아모그린텍,전기전자
125490,한라캐스트,운수장비
126340,비나텍,전기전자
126600,BGF에코머티리얼즈,화학
126640,화신정공,운수장비
126700,하이비젼시스템,의약품
126730,코칩,전기전자
126880,제이엔케이글로벌,기계
127120,제이에스링크,서비스업
127710,아시아경제,서비스업
127980,화인써키트,전기전자
128540,에코캡,운수장비
128660,피제이메탈,철강금속
129890,앱코,전기전자
129920,대성하이텍,기계
130500,GH신소재,섬유의복
130580,나이스디앤비,서비스업
130740,티피씨글로벌,운수장비
131030,옵투스제약,의약품
131090,시큐브,서비스업
131100,티엔엔터테인먼트,서비스업
131180,딜리,전기전자
131220,대한과학,유통업
131290,티에스이,의약품
131370,알서포트,서비스업
131400,이브이첨단소재,전기전자
131760,파인텍,기계
131970,두산테스나,서비스업
133750,메가엠디,서비스업
134060,이퓨쳐,서비스업
134580,탑코미디어,서비스업
136150,원일티엔아이,기계
136410,아셈스,화학
136480,하림,음식료품
136540,윈스테크넷,서비스업
137080,나래나노텍,기계
137400,피엔티,기계
137940,넥스트아이,의약품
137950,제이씨케미칼,화학
138070,신진에스엠,철강금속
138080,오이솔루션,전기전자
138360,앤로보틱스,기계
138610,나이벡,의약품
139050,BF랩스,서비스업
139670,키네마스터,서비스업
140070,서플러스글로벌,유통업
140410,메지온,서비스업
140430,카티스,서비스업
140520,대창스틸,철강금속
140670,알에스오토메이션,전기전자
140860,파크시스템스,의약품
141000,비아트론,기계
141080,리가켐바이오,서비스업
142210,유니트론텍,유통업
142280,녹십자엠에스,의약품
142760,모아라이프플러스,서비스업
143160,아이디스,전기전자
143240,사람인,서비스업
143540,영우디에스피,기계
144510,지씨셀,서비스업
144960,뉴파워프라즈마,기계
145020,휴젤,의약품
145170,노브랜드,섬유의복
146060,율촌,철강금속
146320,비씨엔씨,전기전자
147760,피엠티,의약품
147830,제룡산업,철강금속
148150,세경하이테크,전기전자
148250,알엔투테크놀로지,전기전자
148780,비큐AI,서비스업
148930,에이치와이티씨,철강금속
149950,아바텍,전기전자
149980,하이로닉,의약품
150900,파수,서비스업
151860,KG에코솔루션,운수장비
153460,네이블,서비스업
153490,우리이앤엘,전기전자
153710,옵티팜,의약품
154030,아시아종묘,농업
154040,다산솔루에타,전기전자
155650,와이엠씨,전기전자
156100,엘앤케이바이오,의약품
158430,아톤,서비스업
159010,아스플로,기계
159580,제로투세븐,유통업
159910,에코글로우,화학
160190,하이젠알앤엠,전기전자
160550,NEW,서비스업
160980,싸이맥스,기계
161580,필옵틱스,기계
162300,신스틸,철강금속
163280,에어레인,기계
163730,핑거,서비스업
166090,하나머티리얼즈,전기전자
166480,코아스템켐온,의약품
168330,내츄럴엔도텍,서비스업
168360,펨트론,기계
169330,엠브레인,서비스업
170030,현대공업,운수장비
170790,파이오링크,전기전자
170920,엘티씨,화학
171010,램테크놀러지,화학
171090,선익시스템,기계
171120,라이온켐텍,화학
172670,에이엘티,전기전자
173130,오파스넷,서비스업
173940,에프엔씨엔터,서비스업
174900,앱클론,의약품
175140,휴먼테크놀로지,전기전자
175250,아이큐어,의약품
176750,듀켐바이오,의약품
177350,베셀,기계
177830,파버나인,전기전자
177900,쓰리에이로직스,전기전자
178320,서진시스템,전기전자
178780,일월지엠엘,유통업
179290,엠아이텍,의약품
179530,애드바이오텍,의약품
179900,유티아이,전기전자
180400,DXVX,서비스업
182360,큐브엔터,서비스업
182400,엔케이맥스,의약품
183300,코미코,기계
183490,엔지켐생명과학,의약품
184230,SGA솔루션즈,서비스업
185490,아이진,서비스업
186230,그린플러스,철강금속
187220,디티앤씨,서비스업
187270,신화콘텍,전기전자
187420,HLB제넥스,의약품
187660,현대ADM,서비스업
187790,나노,화학
187870,디바이스,기계
188040,바이오포트,음식료품
188260,세니젠,기타제조
189300,인텔리안테크,전기전자
189330,씨이랩,서비스업
189690,포시에스,서비스업
189860,서전기전,전기전자
189980,흥국에프엔비,음식료품
190510,나무가,전기전자
190650,코리아에셋투자증권,증권
191410,육일씨엔에쓰,전기전자
191420,테고사이언스,의약품
192250,케이사인,서비스업
192390,윈하이텍,철강금속
192410,오늘이엔엠,전기전자
192440,슈피겐코리아,기타제조
193250,링크드,전기전자
194480,데브시스터즈,서비스업
194700,노바렉스,음식료품
195500,마니커에프앤지,음식료품
195940,HK이노엔,의약품
195990,에이비프로바이오,기계
196170,알테오젠,서비스업
196300,HLB펩,의약품
196450,코아시아씨엠,의약품
196490,디에이테크놀로지,기계
196700,웹스,화학
197140,디지캡,서비스업
198080,캐프,전기전자
198440,강동씨앤엘,비금속광물
198940,한주라이트메탈,철강금속
199430,케이엔알시스템,의약품
199480,뱅크웨어글로벌,서비스업
199550,레이저옵텍,의약품
199730,바이오인프라,서비스업
199800,툴젠,서비스업
199820,제일일렉트릭,전기전자
200130,콜마비앤에이치,의약품
200230,텔콘RF제약,의약품
200350,아티스트스튜디오,서비스업
200470,에이팩트,전기전자
200670,휴메딕스,의약품
200710,에이디테크놀로지,전기전자
200780,비씨월드제약,의약품
201490,미투온,서비스업
203400,에이비온,서비스업
203450,유니온바이오메트릭스,전기전자
203650,드림시큐리티,서비스업
203690,아크솔루션스,종이목재
204020,그리티,섬유의복
204270,제이앤티씨,전기전자
204610,티쓰리,서비스업
204620,글로벌텍스프리,증권
204630,스튜디오산타클로스,서비스업
204840,지엘팜텍,유통업
205100,엑셈,서비스업
205470,휴마시스,의약품
205500,넥써쓰,서비스업
206400,베노티앤알,건설업
206560,덱스터,서비스업
206640,바디텍메드,의약품
206650,유바이오로직스,의약품
207760,미스터블루,서비스업
208140,정다운,음식료품
208350,지란지교시큐리티,서비스업
208370,셀바스헬스케어,의약품
208640,썸에이지,서비스업
208710,포톤,전기전자
208860,다산디엠씨,서비스업
209640,와이제이링크,기계
210120,캔버스엔,서비스업
211050,인카금융서비스,보험
211270,AP위성,전기전자
212560,네오오토,운수장비
212710,아이에스티이,전기전자
213420,덕산네오룩스,전기전자
214150,클래시스,의약품
214180,헥토이노베이션,서비스업
214260,라파스,화학
214270,FSN,서비스업
214370,케어젠,의약품
214430,아이쓰리시스템,전기전자
214450,파마리서치,의약품
214610,롤링스톤,의약품
214680,디알텍,의약품
215000,골프존,서비스업
215090,솔디펜스,의약품
215100,로보로보,전기전자
215200,메가스터디교육,서비스업
215360,우리산업,운수장비
215380,우정바이오,서비스업
215480,토박스코리아,유통업
215600,신라젠,서비스업
215790,이노인스트루먼트,전기전자
216050,인크로스,서비스업
216080,제테마,의약품
217190,제너셈,기계
217270,넵튠,서비스업
217330,싸이토젠,서비스업
217480,에스디생명공학,화학
217500,러셀,기계
217620,선샤인푸드,서비스업
217730,강스템바이오텍,의약품
217820,원익피앤이,기계
218150,미래생명자원,음식료품
218410,RFHIC,전기전자
219130,타이거일렉,전기전자
219420,링크제니시스,서비스업
219550,디와이디,유통업
219750,한국비티비,의약품
220100,퓨쳐켐,의약품
220180,핸디소프트,서비스업
220260,켐트로스,화학
221800,유투바이오,서비스업
221840,하이즈항공,운수장비
221980,케이디켐,화학
222040,코스맥스엔비티,음식료품
222080,씨아이에스,기계
222110,팬젠,의약품
222160,NPX,기계
222420,쎄노텍,비금속광물
222800,심텍,전기전자
222810,세토피아,철강금속
222980,한국맥널티,음식료품
223250,드림씨아이에스,서비스업
223310,사토시홀딩스,유통업
224060,더코디,기계
224110,에이텍모빌리티,전기전자
225190,LK삼양,의약품
225220,제놀루션,의약품
225430,케이엠제약,화학
225530,HC보광산업,비금속광물
225570,넥슨게임즈,서비스업
225590,패션플랫폼,섬유의복
226330,신테카바이오,서비스업
226340,본느,화학
226400,오스테오닉,의약품
226590,엠디바이스,전기전자
226950,올릭스,서비스업
227100,프로브잇,서비스업
227610,아우딘퓨쳐스,화학
227950,엔투텍,기계
228340,동양파일,비금속광물
228670,레이,의약품
228760,지노믹트리,서비스업
228850,레이언스,의약품
229000,젠큐릭스,의약품
230240,에치에프알,전기전자
230360,에코마케팅,서비스업
230980,비유테크놀러지,서비스업
232140,와이씨,기계
232680,라온로보틱스,기계
232830,아이티센피엔에스,서비스업
234030,싸이닉솔루션,전기전자
234100,폴라리스세원,운수장비
234300,에스트래픽,서비스업
234340,헥토파이낸셜,서비스업
234690,녹십자웰빙,의약품
234920,자이글,전기전자
235980,메드팩토,서비스업
236200,슈프리마,전기전자
236810,엔비티,서비스업
237690,에스티팜,의약품
237750,피앤씨테크,전기전자
237820,플레이디,서비스업
237880,클리오,화학
238090,앤디포스,화학
238120,얼라인드,의약품
238200,비피도,음식료품
238490,힘스,기계
239340,이스트에이드,서비스업
239610,에이치엘사이언스,음식료품
239890,피엔에이치테크,화학
240550,동방메디컬,의약품
240600,유진테크놀로지,철강금속
240810,원익IPS,기계
241520,DSC인베스트먼트,기타금융
241690,유니테크노,운수장비
241710,코스메카코리아,화학
241770,메카로,전기전자
241790,티이엠씨씨엔에스,기계
241820,피씨엘,의약품
241840,에이스토리,서비스업
242040,나무기술,서비스업
243070,휴온스,의약품
243840,신흥에스이씨,전기전자
244460,올리패스,의약품
245620,EDGC,서비스업
246250,에스엘에스바이오,서비스업
246690,TS인베스트먼트,기타금융
246710,티앤알바이오팹,의약품
246720,아스타,의약품
246960,SCL사이언스,의약품
247540,에코프로비엠,전기전자
247660,나노씨엠에스,전기전자
250000,보라티알,유통업
250060,모비스,서비스업
250930,예선테크,화학
251120,바이오에프디엔씨,의약품
251370,와이엠티,화학
251630,브이원텍,기계
251970,펌텍코리아,화학
252500,세화피앤씨,화학
252990,샘씨엔에스,전기전자
253450,스튜디오드래곤,서비스업
253590,네오셈,기계
253840,수젠텍,의약품
254120,자비스,기계
254490,미래반도체,유통업
255220,SG,비금속광물
255440,야스,기계
256150,한독크린텍,기계
256630,포인트엔지니어링,철강금속
256840,한국비엔씨,의약품
256940,킵스파마,의약품
257370,피엔티엠에스,기계
257720,실리콘투,유통업
258610,케일럼,철강금속
258790,소프트캠프,서비스업
258830,세종메디칼,의약품
259630,엠플러스,기계
260660,알리코제약,의약품
260930,씨티케이,화학
260970,에스앤디,음식료품
261200,덴티스,의약품
261520,이지스,서비스업
261780,차백신연구소,서비스업
262260,에이프로,전기전자
262840,아이퀘스트,서비스업
263020,디케이앤디,화학
263050,유틸렉스,의약품
263600,덕우전자,전기전자
263690,디알젬,의약품
263700,케어랩스,서비스업
263720,디앤씨미디어,서비스업
263750,펄어비스,서비스업
263770,유에스티,철강금속
263800,데이타솔루션,유통업
263810,상신전자,전기전자
263860,지니언스,서비스업
263920,휴엠앤씨,기타제조
264450,유비쿼스,전기전자
264660,씨앤지하이테크,기계
264850,이랜시스,전기전자
265520,AP시스템,기계
265560,영화테크,운수장비
265740,엔에프씨,화학
267320,나인테크,기계
267790,배럴,섬유의복
267980,매일유업,음식료품
269620,시스웍,의약품
270520,앱튼,서비스업
270660,에브리봇,전기전자
270870,뉴트리,음식료품
271830,팸텍,기계
272110,케이엔제이,전기전자
272290,이녹스첨단소재,전기전자
273060,와이즈버즈,서비스업
273640,와이엠텍,전기전자
274090,켄코아에어로스페이스,운수장비
274400,이노시뮬레이션,서비스업
275630,에스에스알,서비스업
276040,스코넥,서비스업
276730,한울앤제주,음식료품
277070,린드먼아시아,기타금융
277410,인산가,음식료품
277810,레인보우로보틱스,기계
277880,티에스아이,기계
278280,천보,화학
278650,HLB바이오스텝,서비스업
279600,미디어젠,서비스업
281740,레이크머티리얼즈,화학
282720,금양그린파워,건설업
282880,코윈테크,기계
284620,카이노스메드,서비스업
285490,노바텍,기타제조
285800,진영,화학
286750,나노실리칸첨단소재,화학
287840,인투셀,서비스업
288330,파라택시스코리아,의약품
288620,에스퓨얼셀,전기전자
288980,모아데이타,서비스업
289010,아이스크림에듀,서비스업
289080,SV인베스트먼트,기타금융
289220,자이언트스텝,서비스업
289930,웨이비스,전기전자
290090,트윔,서비스업
290120,DH오토리드,운수장비
290270,휴네시온,서비스업
290520,신도기연,기계
290550,디케이티,전기전자
290560,파라택시스이더리움,서비스업
290650,엘앤씨바이오,의약품
290660,네오펙트,의약품
290670,대보마그네틱,전기전자
290690,소룩스,전기전자
290720,푸드나무,유통업
290740,액트로,전기전자
291230,엔피,서비스업
291650,압타머사이언스,서비스업
291810,핀텔,서비스업
293490,카카오게임즈,서비스업
293580,나우IB,기타금융
293780,압타바이오,서비스업
294090,이오플로우,의약품
294140,레몬,화학
294570,쿠콘,서비스업
294630,서남,전기전자
295310,에이치브이엠,철강금속
296640,이노룰스,서비스업
297090,씨에스베어링,기계
297570,알로이스,전기전자
297890,HB솔루션,기계
298060,에스씨엠생명과학,의약품
298380,에이비엘바이오,의약품
298540,더네이쳐홀딩스,섬유의복
298830,슈어소프트테크,서비스업
299030,하나기술,기계
299170,더블유에스아이,유통업
299660,셀리드,서비스업
299900,위지윅스튜디오,서비스업
300080,플리토,서비스업
300120,라온피플,서비스업
301300,바이브컴퍼니,서비스업
302430,이노메트리,기계
302550,리메드,의약품
303030,지니틱스,전기전자
303360,프로티아,의약품
303530,이노뎁,서비스업
303810,동국생명과학,의약품
304100,솔트룩스,서비스업
304360,에스바이오메딕스,의약품
304840,피플바이오,의약품
305090,마이크로디지탈,의약품
306040,에스제이그룹,섬유의복
306620,지아이에스,기계
307180,아이엘,전기전자
307280,원바이오젠,의약품
307750,국전약품,의약품
307870,비투엔,서비스업
307930,컴퍼니케이,기타금융
308080,바이젠셀,서비스업
308100,형지글로벌,유통업
308430,셀비온,의약품
309710,아이티켐,의약품
309930,조이웍스앤코,유통업
309960,LB인베스트먼트,기타금융
310200,애니플러스,서비스업
310210,보로노이,서비스업
310870,디와이씨,운수장비
311320,지오엘리먼트,전기전자
311390,네오크레마,음식료품
311690,CJ 바이오사이언스,서비스업
312610,에이에프더블류,전기전자
313760,캐리,전기전자
314130,지놈앤컴퍼니,의약품
314140,알피바이오,의약품
314930,바이오다인,의약품
315640,딥노이드,서비스업
317120,라닉스,전기전자
317240,TS트릴리온,화학
317330,덕산테코피아,화학
317530,캐리소프트,서비스업
317690,퀀타매트릭스,의약품
317770,엑스페릭스,전기전자
317830,에스피시스템스,기계
317850,대모,기계
317870,엔바이오니아,기타제조
318000,KBG,화학
318010,팜스빌,음식료품
318020,포인트모바일,전기전자
318060,그래피,화학
318160,셀바이오휴먼텍,섬유의복
318410,비비씨,화학
319400,현대무벡스,기계
319660,피에스케이,기계
320000,한울반도체,기계
321260,프로이천,전기전자
321370,센서뷰,전기전자
321550,티움바이오,서비스업
321820,아티스트컴퍼니,서비스업
322180,LS티라유텍,서비스업
322310,오로스테크놀로지,기계
322510,제이엘케이,서비스업
322780,코퍼스코리아,서비스업
323280,태성,기계
323350,다원넥스뷰,기계
323990,박셀바이오,서비스업
327260,RF머트리얼즈,전기전자
328130,루닛,서비스업
328380,솔트웨어,서비스업
330350,위더스제약,의약품
330730,스톤브릿지벤처스,기타금융
330860,네패스아크,서비스업
331380,포커스에이아이,전기전자
331520,밸로프,서비스업
331740,아우토크립트,서비스업
331920,셀레믹스,의약품
332290,누보,화학
332370,아이디피,전기전자
332570,PS일렉트로닉스,전기전자
333050,모코엠시스,서비스업
333430,일승,운수장비
333620,엔시스,전기전자
334970,프레스티지바이오로직스,의약품
335810,프리시젼바이오,의약품
335870,윙스풋,유통업
336060,웨이버스,서비스업
336570,원텍,의약품
336680,탑런토탈솔루션,전기전자
337930,젝시믹스,서비스업
338220,뷰노,서비스업
338840,와이바이오로직스,서비스업
339950,아이비김영,서비스업
340360,다보링크,전기전자
340440,세림B&G,화학
340450,지씨지놈,서비스업
340570,티앤엘,의약품
340810,시선AI,서비스업
340930,유일에너테크,기계
342870,오아,유통업
344860,이노진,화학
347000,센코,의약품
347700,스피어,서비스업
347740,피엔케이피부임상연구센타,서비스업
347770,핌스,전기전자
347850,디앤디파마텍,서비스업
347860,알체라,서비스업
347890,엠투아이,의약품
348030,모비릭스,서비스업
348080,큐라티스,서비스업
348150,고바이오랩,서비스업
348210,넥스틴,기계
348340,뉴로메카,기계
348350,위드텍,의약품
348370,엔켐,화학
351320,넥사다이내믹스,기계
351330,이삭엔지니어링,서비스업
351870,차이커뮤니케이션,서비스업
352090,스톰테크,화학
352480,씨앤씨인터내셔널,화학
352700,씨앤투스,화학
352770,셀레스트라,의약품
352910,오비고,서비스업
352940,인바이오,화학
353190,휴럼,음식료품
353590,오토앤,유통업
353810,이지바이오,음식료품
354200,엔젠바이오,서비스업
354320,알멕,철강금속
355150,코스텍시스,전기전자
355390,크라우드웍스,서비스업
355690,에이텀,전기전자
356680,엑스게이트,서비스업
356860,티엘비,전기전자
356890,싸이버원,서비스업
357230,에이치피오,음식료품
357550,석경에이티,화학
357580,아모센스,전기전자
357780,솔브레인,화학
357880,SKAI,서비스업
358570,지아이이노베이션,서비스업
359090,씨엔알리서치,서비스업
360070,탑머티리얼,전기전자
360350,코셈,의약품
361390,제노코,전기전자
361570,알비더블유,서비스업
361670,삼영에스앤씨,전기전자
362320,청담글로벌,유통업
362990,드림인사이트,서비스업
363250,진시스템,의약품
363260,모비데이즈,서비스업
364950,에이아이코리아,기계
365270,큐라클,서비스업
365330,에스와이스틸텍,철강금속
365340,성일하이텍,화학
365590,하이딥,전기전자
365900,브이씨,기타제조
366030,공구우먼,섬유의복
367000,플래티어,서비스업
368600,아이씨에이치,전기전자
368770,파이버프로,의약품
368970,오에스피,음식료품
369370,블리츠웨이엔터테인먼트,서비스업
370090,퓨런티어,의약품
371950,풍원정밀,전기전자
372170,윤성에프앤씨,기계
372320,큐로셀,서비스업
372800,아이티아이즈,서비스업
373110,엑셀세라퓨틱스,의약품
373160,데이원컴퍼니,서비스업
373170,엠아이큐브솔루션,서비스업
373200,엑스플러스,기타제조
376180,피코그램,기타제조
376270,HEM파마,서비스업
376290,씨유테크,전기전자
376300,디어유,서비스업
376900,로킷헬스케어,의약품
376930,노을,의약품
376980,원티드랩,서비스업
377030,비트맥스,서비스업
377220,프롬바이오,음식료품
377330,이지트로닉스,전기전자
377450,리파인,서비스업
377460,위니아에이드,서비스업
377480,마음AI,서비스업
378340,필에너지,기계
378800,샤페론,의약품
380540,옵티코어,전기전자
380550,뉴로핏,서비스업
381620,제닉스로보틱스,기계
382150,온코크로스,서비스업
382480,지아이텍,기계
382800,지앤비에스 에코,기계
382840,원준,기계
382900,범한퓨얼셀,전기전자
383310,에코프로에이치엔,화학
383930,디티앤씨알오,서비스업
384470,코어라인소프트,서비스업
387570,파인메딕스,의약품
388050,지투파워,전기전자
388210,씨엠티엑스,전기전자
388610,지에프씨생명과학,화학
388720,유일로보틱스,기계
388790,라이콤,전기전자
388870,파로스아이바이오,서비스업
389020,자람테크놀로지,전기전자
389030,지니너스,서비스업
389140,포바이포,서비스업
389260,대명에너지,건설업
389470,인벤티지랩,서비스업
389500,에스비비테크,기계
389650,넥스트바이오메디컬,의약품
389680,유디엠텍,서비스업
391710,코닉오토메이션,기계
393210,토마토시스템,서비스업
393890,더블유씨피,전기전자
393970,대진첨단소재,화학
394280,오픈엣지테크놀로지,서비스업
394800,쓰리빌리언,서비스업
396270,넥스트칩,전기전자
396300,세아메카닉스,철강금속
396470,워트,기계
397030,에이프릴바이오,서비스업
397810,애드포러스,서비스업
398120,에스지헬스케어,의약품
399720,가온칩스,전기전자
402030,코난테크놀로지,서비스업
402490,그린리소스,전기전자
403490,우듬지팜,음식료품
403850,더핑크퐁컴퍼니,서비스업
403870,HPSP,기계
405000,플라즈맵,의약품
405100,큐알티,서비스업
405920,나라셀라,유통업
406820,뷰티스킨,화학
407400,꿈비,기타제조
408900,스튜디오미르,서비스업
408920,메쎄이상,서비스업
411080,샌즈랩,서비스업
412350,레이저쎌,기계
412540,제일엠앤에스,기계
413390,엠오티,기계
413630,씨피시스템,화학
413640,비아이매트릭스,서비스업
415380,스튜디오삼익,유통업
416180,신성에스티,운수장비
417010,나노팀,기계
417180,핑거스토리,서비스업
417200,LS머트리얼즈,전기전자
417500,제이아이테크,화학
417790,트루엔,전기전자
417840,저스템,기계
417860,오브젠,서비스업
417970,모델솔루션,기계
418250,시큐레터,서비스업
418420,라온텍,전기전자
418470,KT밀리의서재,서비스업
418550,제이오,서비스업
418620,E8,서비스업
419050,삼기에너지솔루션즈,운수장비
419080,엔젯,기계
419120,산돌,서비스업
419530,SAMG엔터,서비스업
419540,비스토스,의약품
420570,제이투케이바이오,화학
420770,기가비스,기계
424760,벨로크,서비스업
424870,이뮨온시아,서비스업
424960,스마트레이더시스템,의약품
424980,마이크로투나노,전기전자
425040,티이엠씨,화학
425420,티에프이,전기전자
429270,시지트로닉스,전기전자
430690,한싹,서비스업
431190,케이쓰리아이,서비스업
432430,와이랩,서비스업
432470,케이엔에스,기계
432720,퀄리타스반도체,전기전자
432980,엠에프씨,의약품
434480,모니터랩,서비스업
435570,에르코스,음식료품
437730,삼현,운수장비
438700,버넥트,서비스업
439090,마녀공장,화학
439580,블루엠텍,유통업
440110,파두,전기전자
440290,HB인베스트먼트,기타금융
440320,오픈놀,서비스업
441270,파인엠텍,전기전자
443250,레뷰코퍼레이션,서비스업
443670,에스피소프트,유통업
444530,심플랫폼,서비스업
444920,유안타제11호스팩,증권
445090,에이직랜드,전기전자
445180,퓨릿,화학
445680,큐리옥스바이오시스템즈,의약품
446540,메가터치,전기전자
446840,지슨,의약품
448280,에코아이,서비스업
448710,코츠테크놀로지,전기전자
448900,한국피아이엠,운수장비
450330,하스,의약품
450520,인스웨이브,서비스업
450940,유안타제14호스팩,증권
450950,아스테라시스,의약품
451220,아이엠티,기계
451250,삐아,화학
451700,엔에이치스팩29호,증권
451760,컨텍,서비스업
452160,제이엔비,기계
452190,한빛레이저,기계
452200,민테크,의약품
452280,한선엔지니어링,철강금속
452300,캡스톤파트너스,기타금융
452400,이닉스,운수장비
452430,사피엔반도체,전기전자
452450,피아이이,기계
452670,상상인제4호스팩,증권
452980,신한제11호스팩,증권
453450,그리드위즈,서비스업
453860,에이에스텍,화학
455180,케이지에이,기계
455310,한화플러스제4호스팩,증권
455900,엔젤로보틱스,기계
455910,SK증권제9호스팩,증권
456010,아이씨티케이,전기전자
456070,이엔셀,의약품
456160,지투지바이오,의약품
457370,한켐,화학
457550,우진엔텍,서비스업
457600,벡트,전기전자
457630,대신밸런스제16호스팩,증권
457940,SK증권제10호스팩,증권
458610,한국제12호스팩,증권
458650,성우,전기전자
458870,씨어스테크놀로지,의약품
459100,위츠,전기전자
459510,나우로보틱스,기계
459550,알트,전기전자
460470,아이빔테크놀로지,의약품
460870,에스엠씨지,비금속광물
460930,현대힘스,운수장비
460940,피앤에스로보틱스,의약품
461030,아이엠비디엑스,서비스업
461300,아이스크림미디어,서비스업
462020,에이치엠씨제6호스팩,증권
462310,뉴키즈온,섬유의복
462350,이노스페이스,운수장비
462510,라메디텍,의약품
462860,더즌,통신업
462980,아이지넷,서비스업
463020,뉴엔AI,서비스업
463480,모티브링크,전기전자
464080,에스오에스랩,의약품
464280,티디에스팜,의약품
464440,한국제13호스팩,증권
464490,쿼드메디슨,의약품
464500,아이언디바이스,전기전자
464580,닷밀,서비스업
464680,KB제27호스팩,증권
465320,교보15호스팩,증권
465480,인스피언,서비스업
466100,클로봇,서비스업
466410,사이냅소프트,서비스업
466690,키움히어로제1호스팩,증권
466910,엔에이치스팩30호,증권
467930,IBKS제23호스팩,증권
468530,프로티나,서비스업
468760,유진스팩10호,증권
469480,IBKS제24호스팩,증권
469610,이노테크,기계
469750,아이비젼웍스,기계
469880,하나30호스팩,증권
469900,하나31호스팩,증권
471050,대신밸런스제17호스팩,증권
471820,셀로맥스사이언스,음식료품
472220,신영스팩10호,증권
472230,SK증권제11호스팩,증권
472850,폰드그룹,유통업
473000,SK증권제12호스팩,증권
473050,유안타제15호스팩,증권
473370,비엔케이제2호스팩,증권
473950,SK증권제13호스팩,증권
473980,노머스,서비스업
474170,루미르,운수장비
474490,유안타제16호스팩,증권
474610,RF시스템즈,철강금속
474650,링크솔루션,기계
474660,신한제12호스팩,증권
474930,신한제13호스팩,증권
475230,엔알비,철강금속
475240,하나32호스팩,증권
475250,하나33호스팩,증권
475400,씨메스,기계
475430,키스트론,전기전자
475460,미트박스,서비스업
475580,에이럭스,기타제조
475660,에스켐,화학
475830,오름테라퓨틱,의약품
475960,토모큐브,의약품
476040,오가노이드사이언스,서비스업
476060,온코닉테라퓨틱스,서비스업
476080,M83,서비스업
476830,알지노믹스,서비스업
477340,에이치엠씨제7호스팩,증권
477380,미래에셋비전스팩4호,증권
477470,미래에셋비전스팩5호,증권
477760,디비금융스팩12호,기타금융
478110,이베스트스팩6호,증권
478340,나라스페이스테크놀로지,운수장비
478390,KB제29호스팩,증권
478440,미래에셋비전스팩6호,증권
478560,블랙야크아이앤씨,섬유의복
479880,한국제15호스팩,증권
479960,위너스,전기전자
481070,에이유브랜즈,유통업
481890,엔에이치스팩31호,증권
482520,교보16호스팩,증권
482630,삼양엔씨켐,화학
482680,미래에셋비전스팩7호,증권
482690,대신밸런스제19호스팩,증권
484120,도우인시스,전기전자
484130,하나34호스팩,증권
484590,삼양컴텍,기계
484810,티엑스알로보틱스,기계
486630,KB제30호스팩,증권
486990,노타,서비스업
487360,신한제14호스팩,증권
487720,키움제10호스팩,증권
487830,신한제15호스팩,증권
488060,유진스팩11호,증권
488280,에스투더블유,서비스업
488900,비츠로넥스텍,운수장비
489210,교보17호스팩,증권
489460,바이오비쥬,화학
489480,키움제11호스팩,증권
489500,엘케이켐,화학
489730,디비금융제13호스팩,기타금융
490470,세미파이브,서비스업
491000,리브스메드,의약품
492220,KB제31호스팩,증권
493330,지에프아이,기계
493790,유안타제17호스팩,증권
494120,큐리오시스,의약품
496070,신한제16호스팩,증권
498390,한화플러스제5호스팩,증권
900070,글로벌에스엠,기타금융
900100,애머릿지,유통업
900110,이스트아시아홀딩스,기타금융
900120,씨엑스아이,기타금융
900250,크리스탈신소재,기타금융
900260,로스웰,기타금융
900270,헝셩그룹,기타금융
900290,GRT,기타금융
900300,오가닉티코스메틱,기타금융
900310,컬러레이,기타금융
900340,윙입푸드,기타금융
950130,엑세스바이오,의약품
950140,잉글우드랩,화학
950160,코오롱티슈진,의약품
950170,JTC,유통업
950190,고스트스튜디오,서비스업
950200,소마젠,서비스업
950220,네오이뮨텍,서비스업
950250,테라뷰,기타금융
